"id","tags"
"0","SPECULATIVE-FICTION FICTION FANTASY"
"1","FICTION NOVEL MYSTERY SUSPENSE HISTORICAL-NOVEL CRIME-FICTION"
"2","FICTION NOVEL"
"3","FICTION HISTORICAL-NOVEL"
"4","FICTION NOVEL"
"5","FICTION NOVEL"
"6","FICTION NOVEL"
"7","SCIENCE-FICTION SPECULATIVE-FICTION FICTION FANTASY"
"8","SCIENCE-FICTION SPECULATIVE-FICTION FICTION"
"9","FICTION"
"10","SCIENCE-FICTION SPECULATIVE-FICTION"
"11","FICTION NOVEL"
"12","FICTION NOVEL"
"13","SCIENCE-FICTION SPECULATIVE-FICTION FICTION FANTASY"
"14","FICTION NOVEL"
"15","FICTION NOVEL"
"16","FICTION NOVEL ROMANCE-NOVEL"
"17","FICTION"
"18","SCIENCE-FICTION SPECULATIVE-FICTION FICTION FANTASY"
"19","SPECULATIVE-FICTION FICTION FANTASY"
"20","SCIENCE-FICTION SPECULATIVE-FICTION FICTION CHILDREN'S-LITERATURE"
"21","SCIENCE-FICTION SPECULATIVE-FICTION"
"22","FICTION NOVEL"
"23","FICTION NOVEL"
"24","FICTION NOVEL HISTORICAL-FICTION HISTORICAL-NOVEL"
"25","FICTION CHILDREN'S-LITERATURE"
"26","FICTION NOVEL"
"27","SPECULATIVE-FICTION FICTION"
"28","SCIENCE-FICTION FICTION NON-FICTION"
"29","FICTION NOVEL HISTORICAL-NOVEL"
"30","SCIENCE-FICTION SPECULATIVE-FICTION FICTION"
"31","SPECULATIVE-FICTION FICTION FANTASY CHILDREN'S-LITERATURE"
"32","FICTION MYSTERY SUSPENSE THRILLER CRIME-FICTION"
"33","SPECULATIVE-FICTION FICTION CHILDREN'S-LITERATURE"
"34","FICTION MYSTERY SUSPENSE THRILLER CRIME-FICTION"
"35","FICTION NOVEL"
"36","FICTION FANTASY HISTORICAL-FICTION ADVENTURE-NOVEL HISTORICAL-NOVEL"
"37","SCIENCE-FICTION SPECULATIVE-FICTION"
"38","FICTION CHILDREN'S-LITERATURE MYSTERY CRIME-FICTION"
"39","SCIENCE-FICTION SPECULATIVE-FICTION FICTION"
"40","FICTION NOVEL NON-FICTION"
"41","FICTION NOVEL FANTASY ROMANCE-NOVEL"
"42","SCIENCE-FICTION FICTION NOVEL"
"43","FICTION NOVEL"
"44","FICTION NOVEL MYSTERY SUSPENSE CRIME-FICTION"
"45","FICTION CHILDREN'S-LITERATURE MYSTERY SUSPENSE COMIC-NOVEL CRIME-FICTION"
"46","FICTION NOVEL"
"47","FICTION NOVEL HISTORICAL-NOVEL"
"48","SCIENCE-FICTION SPECULATIVE-FICTION FICTION FANTASY"
"49","FICTION CHILDREN'S-LITERATURE YOUNG-ADULT-LITERATURE"
"50","FICTION NOVEL"
"51","FICTION NOVEL THRILLER"
"52","FICTION NOVEL CHILDREN'S-LITERATURE"
"53","SCIENCE-FICTION SPECULATIVE-FICTION FICTION FANTASY"
"54","FICTION CRIME-FICTION"
"55","SCIENCE-FICTION SPECULATIVE-FICTION FICTION"
"56","SPECULATIVE-FICTION FICTION FANTASY CHILDREN'S-LITERATURE"
"57","FICTION CHILDREN'S-LITERATURE"
"58","FICTION CHILDREN'S-LITERATURE"
"59","FICTION NOVEL"
"60","FICTION NOVEL HISTORICAL-NOVEL"
"61","FICTION NOVEL MYSTERY SUSPENSE CRIME-FICTION"
"62","FICTION NOVEL"
"63","FICTION NOVEL"
"64","FICTION HISTORICAL-FICTION WAR-NOVEL HISTORICAL-NOVEL"
"65","SPECULATIVE-FICTION FICTION NOVEL FANTASY CHILDREN'S-LITERATURE ROMANCE-NOVEL"
"66","SPECULATIVE-FICTION FICTION FANTASY CHILDREN'S-LITERATURE"
"67","FICTION NOVEL"
"68","SCIENCE-FICTION SPECULATIVE-FICTION NOVEL"
"69","FICTION NOVEL"
"70","FICTION FANTASY CHILDREN'S-LITERATURE"
"71","SCIENCE-FICTION FICTION"
"72","SPECULATIVE-FICTION FICTION FANTASY CHILDREN'S-LITERATURE"
"73","FICTION CHILDREN'S-LITERATURE YOUNG-ADULT-LITERATURE"
"74","FICTION NOVEL"
"75","FICTION NOVEL"
"76","SCIENCE-FICTION SPECULATIVE-FICTION FICTION NOVEL"
"77","SCIENCE-FICTION FICTION CHILDREN'S-LITERATURE ADVENTURE-NOVEL YOUNG-ADULT-LITERATURE"
"78","SCIENCE-FICTION SPECULATIVE-FICTION FICTION"
"79","SCIENCE-FICTION SPECULATIVE-FICTION FICTION"
"80","FICTION NOVEL"
"81","SCIENCE-FICTION SPECULATIVE-FICTION FICTION FANTASY"
"82","SCIENCE-FICTION SPECULATIVE-FICTION FICTION HISTORICAL-FICTION HISTORICAL-NOVEL ALTERNATE-HISTORY"
"83","FICTION NOVEL"
"84","SPECULATIVE-FICTION FICTION FANTASY"
"85","FICTION NOVEL HISTORICAL-NOVEL"
"86","FICTION NOVEL"
"87","FICTION CHILDREN'S-LITERATURE AUTOBIOGRAPHICAL-NOVEL YOUNG-ADULT-LITERATURE"
"88","FICTION MYSTERY SUSPENSE DETECTIVE-FICTION CRIME-FICTION"
"89","FICTION NOVEL MYSTERY SUSPENSE HISTORICAL-NOVEL CRIME-FICTION"
"90","FICTION NOVEL HISTORICAL-FICTION HISTORICAL-NOVEL"
"91","SCIENCE-FICTION SPECULATIVE-FICTION FICTION"
"92","FICTION MYSTERY SUSPENSE DETECTIVE-FICTION CRIME-FICTION"
"93","FICTION"
"94","SPECULATIVE-FICTION FICTION FANTASY CHILDREN'S-LITERATURE"
"95","FICTION NOVEL"
"96","FICTION NOVEL"
"97","FICTION NOVEL"
"98","SCIENCE-FICTION FICTION NOVEL"
"99","SCIENCE-FICTION SPECULATIVE-FICTION FICTION FANTASY YOUNG-ADULT-LITERATURE"
"100","FICTION NOVEL THRILLER"
"101","FICTION HISTORICAL-NOVEL"
"102","FICTION NOVEL SATIRE HISTORICAL-FICTION ROMANCE-NOVEL NOVELLA WAR-NOVEL HISTORICAL-NOVEL NON-FICTION AUTOBIOGRAPHICAL-NOVEL"
"103","FICTION FANTASY CHILDREN'S-LITERATURE"
"104","FICTION NOVEL"
"105","FICTION NOVEL THRILLER"
"106","FICTION NOVEL SPY-FICTION THRILLER"
"107","FICTION NOVEL SPY-FICTION THRILLER"
"108","FICTION NOVEL MYSTERY SUSPENSE THRILLER CRIME-FICTION"
"109","SCIENCE-FICTION SPECULATIVE-FICTION FICTION"
"110","FICTION NOVEL FANTASY"
"111","FICTION NOVEL ROMANCE-NOVEL"
"112","FICTION NOVEL"
"113","SPECULATIVE-FICTION FICTION FANTASY CHILDREN'S-LITERATURE"
"114","FICTION FANTASY CHILDREN'S-LITERATURE YOUNG-ADULT-LITERATURE"
"115","SCIENCE-FICTION SPECULATIVE-FICTION"
"116","FICTION NOVEL"
"117","FICTION NOVEL"
"118","FICTION NOVEL"
"119","SCIENCE-FICTION SPECULATIVE-FICTION"
"120","FICTION NOVEL NON-FICTION"
"121","FICTION NOVEL FANTASY"
"122","FICTION MYSTERY SUSPENSE THRILLER CRIME-FICTION"
"123","SCIENCE-FICTION SPECULATIVE-FICTION FICTION NOVEL"
"124","SCIENCE-FICTION SPECULATIVE-FICTION FICTION FANTASY"
"125","SCIENCE-FICTION SPECULATIVE-FICTION FICTION"
"126","FICTION THRILLER"
"127","FICTION NOVEL"
"128","FICTION NOVEL"
"129","SPECULATIVE-FICTION FICTION NOVEL"
"130","SCIENCE-FICTION SPECULATIVE-FICTION FICTION NOVEL"
"131","FICTION ADVENTURE-NOVEL SPY-FICTION THRILLER"
"132","FICTION CHILDREN'S-LITERATURE YOUNG-ADULT-LITERATURE"
"133","FICTION"
"134","FICTION NOVEL"
"135","SCIENCE-FICTION SPECULATIVE-FICTION FICTION"
"136","FICTION NOVEL"
"137","FICTION FANTASY CHILDREN'S-LITERATURE"
"138","FICTION NOVEL"
"139","FICTION NOVEL HISTORICAL-FICTION HISTORICAL-NOVEL"
"140","FICTION MYSTERY SUSPENSE CRIME-FICTION"
"141","FICTION MYSTERY SUSPENSE THRILLER CRIME-FICTION"
"142","FICTION NOVEL"
"143","SPECULATIVE-FICTION FICTION FANTASY CHILDREN'S-LITERATURE"
"144","FICTION NOVEL"
"145","FICTION"
"146","FICTION MYSTERY SUSPENSE HORROR NOVELLA CRIME-FICTION"
"147","SPECULATIVE-FICTION FICTION FANTASY CHILDREN'S-LITERATURE"
"148","SCIENCE-FICTION SPECULATIVE-FICTION FICTION FANTASY CHILDREN'S-LITERATURE"
"149","SCIENCE-FICTION SPECULATIVE-FICTION FICTION FANTASY"
"150","FICTION NOVEL CHILDREN'S-LITERATURE"
"151","FICTION"
"152","SPECULATIVE-FICTION FICTION FANTASY CHILDREN'S-LITERATURE"
"153","FICTION NOVEL HISTORICAL-FICTION HISTORICAL-NOVEL AUTOBIOGRAPHICAL-NOVEL"
"154","SPECULATIVE-FICTION FICTION FANTASY"
"155","SPECULATIVE-FICTION FICTION FANTASY MYSTERY SUSPENSE HORROR CRIME-FICTION"
"156","SPECULATIVE-FICTION FICTION FANTASY CHILDREN'S-LITERATURE"
"157","FICTION NOVEL"
"158","FICTION"
"159","FICTION NOVEL"
"160","FICTION MYSTERY SUSPENSE CRIME-FICTION"
"161","FICTION MYSTERY THRILLER CRIME-FICTION"
"162","FICTION HISTORICAL-NOVEL"
"163","FICTION CHILDREN'S-LITERATURE MYSTERY ADVENTURE-NOVEL DETECTIVE-FICTION"
"164","FICTION CHILDREN'S-LITERATURE MYSTERY DETECTIVE-FICTION"
"165","FICTION CHILDREN'S-LITERATURE MYSTERY DETECTIVE-FICTION"
"166","FICTION CHILDREN'S-LITERATURE MYSTERY DETECTIVE-FICTION"
"167","FICTION CHILDREN'S-LITERATURE"
"168","FICTION NOVEL"
"169","FICTION MYSTERY SUSPENSE CRIME-FICTION"
"170","SPECULATIVE-FICTION FICTION FANTASY"
"171","FICTION NOVEL"
"172","FICTION CHILDREN'S-LITERATURE CRIME-FICTION"
"173","FICTION NOVEL"
"174","SCIENCE-FICTION SPECULATIVE-FICTION"
"175","FICTION NOVEL MYSTERY SUSPENSE CRIME-FICTION"
"176","SCIENCE-FICTION SPECULATIVE-FICTION"
"177","FICTION NOVEL"
"178","SPECULATIVE-FICTION FICTION FANTASY CHILDREN'S-LITERATURE"
"179","FICTION NOVEL"
"180","FICTION FANTASY CHILDREN'S-LITERATURE YOUNG-ADULT-LITERATURE"
"181","FICTION MYSTERY SUSPENSE CRIME-FICTION"
"182","FICTION NOVEL THRILLER"
"183","SCIENCE-FICTION SPECULATIVE-FICTION"
"184","SCIENCE-FICTION SPECULATIVE-FICTION FICTION FANTASY"
"185","SCIENCE-FICTION SPECULATIVE-FICTION FICTION"
"186","SPECULATIVE-FICTION FICTION FANTASY"
"187","SCIENCE-FICTION SPECULATIVE-FICTION"
"188","FICTION NOVEL HISTORY THRILLER HISTORICAL-NOVEL"
"189","SCIENCE-FICTION SPECULATIVE-FICTION FICTION"
"190","SCIENCE-FICTION SPECULATIVE-FICTION FICTION FANTASY"
"191","FICTION CHILDREN'S-LITERATURE YOUNG-ADULT-LITERATURE"
"192","FICTION NOVEL"
"193","FICTION NOVEL"
"194","SCIENCE-FICTION SPECULATIVE-FICTION FICTION FANTASY CHILDREN'S-LITERATURE YOUNG-ADULT-LITERATURE"
"195","SCIENCE-FICTION SPECULATIVE-FICTION"
"196","FICTION NOVEL"
"197","FICTION NOVEL"
"198","SPECULATIVE-FICTION FICTION FANTASY CHILDREN'S-LITERATURE"
"199","SPECULATIVE-FICTION FICTION FANTASY CHILDREN'S-LITERATURE"
"200","SCIENCE-FICTION SPECULATIVE-FICTION FICTION"
"201","SCIENCE-FICTION SPECULATIVE-FICTION FICTION CHILDREN'S-LITERATURE"
"202","SCIENCE-FICTION SPECULATIVE-FICTION FICTION CHILDREN'S-LITERATURE"
"203","SCIENCE-FICTION SPECULATIVE-FICTION FICTION CHILDREN'S-LITERATURE"
"204","SCIENCE-FICTION SPECULATIVE-FICTION FICTION CHILDREN'S-LITERATURE"
"205","FICTION NOVEL"
"206","FICTION NOVEL"
"207","FICTION HISTORICAL-FICTION HISTORICAL-NOVEL"
"208","FICTION NOVEL"
"209","SCIENCE-FICTION SPECULATIVE-FICTION FICTION"
"210","SPECULATIVE-FICTION FICTION FANTASY CHILDREN'S-LITERATURE"
"211","FICTION CHILDREN'S-LITERATURE"
"212","FICTION CHILDREN'S-LITERATURE HISTORICAL-FICTION ROMANCE-NOVEL HISTORICAL-NOVEL"
"213","FICTION"
"214","FICTION NOVEL HISTORICAL-NOVEL"
"215","FICTION NOVEL"
"216","FICTION NOVEL HISTORICAL-FICTION HISTORICAL-NOVEL"
"217","SCIENCE-FICTION SPECULATIVE-FICTION"
"218","FICTION MYSTERY SUSPENSE THRILLER CRIME-FICTION"
"219","FICTION CHILDREN'S-LITERATURE HISTORICAL-FICTION HISTORICAL-NOVEL"
"220","FICTION NOVEL"
"221","FICTION MYSTERY CRIME-FICTION"
"222","FICTION NOVEL MYSTERY"
"223","FICTION NOVEL HISTORICAL-NOVEL"
"224","FICTION NOVEL"
"225","FICTION CHILDREN'S-LITERATURE HISTORICAL-FICTION HISTORICAL-NOVEL"
"226","SCIENCE-FICTION SPECULATIVE-FICTION"
"227","SCIENCE-FICTION SPECULATIVE-FICTION FICTION"
"228","SCIENCE-FICTION SPECULATIVE-FICTION FICTION FANTASY"
"229","SCIENCE-FICTION SPECULATIVE-FICTION FICTION NOVEL"
"230","FICTION NOVEL"
"231","SPECULATIVE-FICTION FICTION FANTASY CHILDREN'S-LITERATURE"
"232","FICTION CHILDREN'S-LITERATURE"
"233","FICTION NOVEL THRILLER"
"234","SCIENCE-FICTION SPECULATIVE-FICTION FICTION"
"235","FICTION"
"236","FICTION MYSTERY SUSPENSE DETECTIVE-FICTION CRIME-FICTION"
"237","SPECULATIVE-FICTION FICTION"
"238","FICTION NOVEL FANTASY"
"239","FICTION NOVEL"
"240","FICTION NOVEL"
"241","FICTION CHILDREN'S-LITERATURE AUTOBIOGRAPHICAL-NOVEL YOUNG-ADULT-LITERATURE"
"242","FICTION NOVEL HISTORICAL-FICTION HISTORICAL-NOVEL"
"243","FICTION NOVEL"
"244","SPECULATIVE-FICTION FICTION FANTASY CHILDREN'S-LITERATURE"
"245","SCIENCE-FICTION SPECULATIVE-FICTION FICTION"
"246","SCIENCE-FICTION SPECULATIVE-FICTION"
"247","FICTION NOVEL HISTORICAL-NOVEL"
"248","FICTION NOVEL CRIME-FICTION"
"249","FICTION NOVEL SATIRE"
"250","FICTION MYSTERY SUSPENSE CRIME-FICTION"
"251","FICTION NOVEL NON-FICTION"
"252","FICTION NOVEL HISTORICAL-FICTION HISTORICAL-NOVEL BIOGRAPHY NON-FICTION AUTOBIOGRAPHICAL-NOVEL"
"253","FICTION MYSTERY SUSPENSE CRIME-FICTION"
"254","SCIENCE-FICTION SPECULATIVE-FICTION FICTION FANTASY"
"255","SCIENCE-FICTION SPECULATIVE-FICTION FICTION"
"256","FICTION CHILDREN'S-LITERATURE"
"257","FICTION MYSTERY SUSPENSE CRIME-FICTION"
"258","FICTION NOVEL"
"259","FICTION NOVEL"
"260","FICTION NOVEL HISTORICAL-NOVEL NON-FICTION"
"261","SCIENCE-FICTION SPECULATIVE-FICTION FICTION FANTASY"
"262","FICTION NOVEL NON-FICTION"
"263","SPECULATIVE-FICTION FICTION FANTASY CHILDREN'S-LITERATURE"
"264","SCIENCE-FICTION SPECULATIVE-FICTION FICTION"
"265","FICTION HISTORICAL-NOVEL"
"266","SCIENCE-FICTION THRILLER"
"267","FICTION NOVEL"
"268","FICTION NOVEL CHILDREN'S-LITERATURE"
"269","FICTION NOVEL ROMANCE-NOVEL"
"270","FICTION NOVEL"
"271","FICTION CHILDREN'S-LITERATURE HISTORICAL-NOVEL"
"272","FICTION NOVEL"
"273","FICTION NOVEL"
"274","SPECULATIVE-FICTION FICTION FANTASY HISTORICAL-NOVEL"
"275","FICTION NOVEL"
"276","FICTION NOVEL CHILDREN'S-LITERATURE"
"277","FICTION MYSTERY SUSPENSE CRIME-FICTION YOUNG-ADULT-LITERATURE"
"278","FICTION NOVEL"
"279","FICTION CHILDREN'S-LITERATURE AUTOBIOGRAPHY AUTOBIOGRAPHICAL-NOVEL YOUNG-ADULT-LITERATURE"
"280","FICTION AUTOBIOGRAPHY BIOGRAPHY AUTOBIOGRAPHICAL-NOVEL"
"281","SCIENCE-FICTION SPECULATIVE-FICTION FICTION FANTASY"
"282","SCIENCE-FICTION SPECULATIVE-FICTION FICTION"
"283","FICTION NOVEL HISTORICAL-FICTION HISTORY WAR-NOVEL HISTORICAL-NOVEL"
"284","FICTION NOVEL CHILDREN'S-LITERATURE"
"285","FICTION NOVEL"
"286","SCIENCE-FICTION SPECULATIVE-FICTION FICTION FANTASY"
"287","FICTION MYSTERY SUSPENSE CRIME-FICTION"
"288","SCIENCE-FICTION SPECULATIVE-FICTION FICTION FANTASY CHILDREN'S-LITERATURE HORROR"
"289","SCIENCE-FICTION SPECULATIVE-FICTION FICTION FANTASY CHILDREN'S-LITERATURE HORROR"
"290","SCIENCE-FICTION SPECULATIVE-FICTION FICTION FANTASY CHILDREN'S-LITERATURE HORROR"
"291","SCIENCE-FICTION SPECULATIVE-FICTION FICTION FANTASY CHILDREN'S-LITERATURE HORROR"
"292","SCIENCE-FICTION SPECULATIVE-FICTION FICTION FANTASY CHILDREN'S-LITERATURE HORROR"
"293","FICTION NOVEL FANTASY"
"294","FICTION NOVEL"
"295","FICTION CHILDREN'S-LITERATURE ROMANCE-NOVEL YOUNG-ADULT-LITERATURE"
"296","FICTION NOVEL YOUNG-ADULT-LITERATURE"
"297","FICTION"
"298","SCIENCE-FICTION SPECULATIVE-FICTION FICTION FANTASY"
"299","SCIENCE-FICTION SPECULATIVE-FICTION FICTION FANTASY CHILDREN'S-LITERATURE HORROR"
"300","FICTION HISTORICAL-NOVEL"
"301","FICTION NOVEL HISTORICAL-FICTION HISTORICAL-NOVEL"
"302","FICTION CHILDREN'S-LITERATURE YOUNG-ADULT-LITERATURE"
"303","FICTION FANTASY MYSTERY"
"304","FICTION MYSTERY SUSPENSE CRIME-FICTION"
"305","FICTION HISTORICAL-FICTION ADVENTURE-NOVEL WAR-NOVEL HISTORICAL-NOVEL YOUNG-ADULT-LITERATURE"
"306","FICTION MYSTERY SUSPENSE CRIME-FICTION"
"307","FICTION CHILDREN'S-LITERATURE YOUNG-ADULT-LITERATURE"
"308","FICTION MYSTERY SUSPENSE CRIME-FICTION"
"309","FICTION CHILDREN'S-LITERATURE AUTOBIOGRAPHICAL-NOVEL YOUNG-ADULT-LITERATURE"
"310","SCIENCE-FICTION SPECULATIVE-FICTION FICTION"
"311","FICTION ADVENTURE-NOVEL HISTORICAL-NOVEL"
"312","FICTION NOVEL"
"313","FICTION NOVEL"
"314","SPECULATIVE-FICTION FICTION FANTASY CHILDREN'S-LITERATURE"
"315","FICTION NOVEL"
"316","FICTION CHILDREN'S-LITERATURE"
"317","FICTION FANTASY CHILDREN'S-LITERATURE YOUNG-ADULT-LITERATURE"
"318","FICTION MYSTERY SUSPENSE DETECTIVE-FICTION CRIME-FICTION"
"319","SCIENCE-FICTION SPECULATIVE-FICTION FICTION FANTASY CHILDREN'S-LITERATURE HORROR"
"320","SPECULATIVE-FICTION FICTION FANTASY CHILDREN'S-LITERATURE HORROR"
"321","SPECULATIVE-FICTION FICTION FANTASY HORROR"
"322","SCIENCE-FICTION SPECULATIVE-FICTION FICTION FANTASY CHILDREN'S-LITERATURE HORROR"
"323","FICTION CHILDREN'S-LITERATURE MYSTERY SUSPENSE DETECTIVE-FICTION CRIME-FICTION"
"324","FICTION MYSTERY SUSPENSE CRIME-FICTION"
"325","SCIENCE-FICTION FICTION"
"326","FICTION NOVEL HISTORICAL-FICTION ROMANCE-NOVEL HISTORICAL-NOVEL"
"327","SPECULATIVE-FICTION FICTION NOVEL FANTASY"
"328","FICTION NOVEL HISTORICAL-NOVEL"
"329","SPECULATIVE-FICTION FICTION FANTASY CHILDREN'S-LITERATURE"
"330","FICTION NOVEL ROMANCE-NOVEL"
"331","SPECULATIVE-FICTION FICTION FANTASY"
"332","SPECULATIVE-FICTION FICTION FANTASY CHILDREN'S-LITERATURE"
"333","SPECULATIVE-FICTION FICTION FANTASY CHILDREN'S-LITERATURE"
"334","SPECULATIVE-FICTION FICTION FANTASY"
"335","SPECULATIVE-FICTION FICTION FANTASY CHILDREN'S-LITERATURE"
"336","FICTION NOVEL"
"337","FICTION NOVEL"
"338","FICTION NOVEL NON-FICTION"
"339","FICTION NOVEL"
"340","SCIENCE-FICTION SPECULATIVE-FICTION FICTION"
"341","SCIENCE-FICTION SPECULATIVE-FICTION FICTION"
"342","FICTION NOVEL ROMANCE-NOVEL"
"343","FICTION CHILDREN'S-LITERATURE"
"344","SCIENCE-FICTION SPECULATIVE-FICTION FICTION"
"345","SCIENCE-FICTION SPECULATIVE-FICTION FICTION FANTASY"
"346","SPECULATIVE-FICTION FICTION FANTASY CHILDREN'S-LITERATURE"
"347","SPECULATIVE-FICTION FICTION FANTASY"
"348","SCIENCE-FICTION SPECULATIVE-FICTION FICTION FANTASY"
"349","SCIENCE-FICTION SPECULATIVE-FICTION"
"350","SPECULATIVE-FICTION FICTION FANTASY"
"351","FICTION FANTASY CHILDREN'S-LITERATURE YOUNG-ADULT-LITERATURE"
"352","SCIENCE-FICTION SPECULATIVE-FICTION FICTION FANTASY"
"353","FICTION HISTORICAL-FICTION HISTORICAL-NOVEL ALTERNATE-HISTORY"
"354","FICTION MYSTERY CRIME-FICTION"
"355","SCIENCE-FICTION SPECULATIVE-FICTION FICTION FANTASY"
"356","SPECULATIVE-FICTION FICTION FANTASY CHILDREN'S-LITERATURE"
"357","FICTION"
"358","FICTION NOVEL"
"359","SCIENCE-FICTION SPECULATIVE-FICTION FICTION FANTASY"
"360","FICTION FANTASY CHILDREN'S-LITERATURE"
"361","FICTION FANTASY CHILDREN'S-LITERATURE"
"362","FICTION MYSTERY SUSPENSE CRIME-FICTION"
"363","NOVEL ADVENTURE-NOVEL SPY-FICTION THRILLER TECHNO-THRILLER"
"364","SPECULATIVE-FICTION FICTION FANTASY HISTORICAL-NOVEL"
"365","SCIENCE-FICTION SPECULATIVE-FICTION FICTION"
"366","FICTION NOVEL"
"367","FICTION FANTASY CHILDREN'S-LITERATURE MYSTERY ADVENTURE-NOVEL YOUNG-ADULT-LITERATURE"
"368","SCIENCE-FICTION SPECULATIVE-FICTION FICTION"
"369","SPECULATIVE-FICTION FICTION FANTASY ADVENTURE-NOVEL"
"370","FICTION NOVEL SATIRE"
"371","FICTION NOVEL"
"372","FICTION"
"373","SCIENCE-FICTION SPECULATIVE-FICTION FICTION FANTASY"
"374","SCIENCE-FICTION SPECULATIVE-FICTION"
"375","SPECULATIVE-FICTION FICTION FANTASY CHILDREN'S-LITERATURE"
"376","SPECULATIVE-FICTION FICTION CHILDREN'S-LITERATURE"
"377","FICTION NOVEL CHILDREN'S-LITERATURE HISTORICAL-FICTION HISTORICAL-NOVEL"
"378","SCIENCE-FICTION SPECULATIVE-FICTION FICTION"
"379","SCIENCE-FICTION SPECULATIVE-FICTION FICTION FANTASY CHILDREN'S-LITERATURE"
"380","SPECULATIVE-FICTION FICTION FANTASY"
"381","SCIENCE-FICTION SPECULATIVE-FICTION FICTION"
"382","SCIENCE-FICTION SPECULATIVE-FICTION FICTION FANTASY"
"383","SCIENCE-FICTION SPECULATIVE-FICTION FICTION FANTASY CHILDREN'S-LITERATURE HORROR"
"384","FICTION NOVEL"
"385","SCIENCE-FICTION SPECULATIVE-FICTION"
"386","SCIENCE-FICTION SPECULATIVE-FICTION FICTION"
"387","FICTION MYSTERY SUSPENSE CRIME-FICTION"
"388","FICTION NOVEL"
"389","FICTION NOVEL"
"390","FICTION MYSTERY SUSPENSE CRIME-FICTION"
"391","FICTION HISTORICAL-NOVEL"
"392","FICTION CHILDREN'S-LITERATURE ADVENTURE-NOVEL YOUNG-ADULT-LITERATURE"
"393","FICTION HISTORICAL-FICTION HISTORICAL-NOVEL"
"394","SPECULATIVE-FICTION FICTION FANTASY CHILDREN'S-LITERATURE"
"395","SPECULATIVE-FICTION FICTION FANTASY CHILDREN'S-LITERATURE"
"396","SCIENCE-FICTION SPECULATIVE-FICTION"
"397","FICTION THRILLER CRIME-FICTION"
"398","FICTION MYSTERY THRILLER CRIME-FICTION"
"399","FICTION"
"400","FICTION CHILDREN'S-LITERATURE MYSTERY"
"401","FICTION"
"402","FICTION NOVEL HISTORICAL-FICTION HISTORICAL-NOVEL"
"403","FICTION HISTORICAL-FICTION HISTORICAL-NOVEL"
"404","FICTION HISTORICAL-FICTION HISTORICAL-NOVEL"
"405","SPECULATIVE-FICTION FICTION NOVEL"
"406","FICTION CHILDREN'S-LITERATURE YOUNG-ADULT-LITERATURE"
"407","SPECULATIVE-FICTION FICTION FANTASY CHILDREN'S-LITERATURE"
"408","FICTION MYSTERY SUSPENSE CRIME-FICTION"
"409","FICTION CHILDREN'S-LITERATURE"
"410","FICTION NOVEL"
"411","FICTION MYSTERY SUSPENSE CRIME-FICTION"
"412","FICTION CHILDREN'S-LITERATURE MYSTERY SUSPENSE DETECTIVE-FICTION CRIME-FICTION"
"413","SCIENCE-FICTION SPECULATIVE-FICTION FICTION FANTASY"
"414","SCIENCE-FICTION SPECULATIVE-FICTION FICTION FANTASY"
"415","SCIENCE-FICTION"
"416","SPECULATIVE-FICTION FICTION FANTASY"
"417","FICTION NOVEL"
"418","FICTION MYSTERY"
"419","SCIENCE-FICTION SPECULATIVE-FICTION FICTION"
"420","SCIENCE-FICTION SPECULATIVE-FICTION FICTION CHILDREN'S-LITERATURE HORROR"
"421","FICTION NOVEL"
"422","FICTION NOVEL"
"423","SCIENCE-FICTION SPECULATIVE-FICTION FICTION FANTASY"
"424","FICTION CHILDREN'S-LITERATURE"
"425","FICTION NOVEL MYSTERY SUSPENSE ROMANCE-NOVEL CRIME-FICTION"
"426","FICTION MYSTERY SUSPENSE CRIME-FICTION"
"427","SCIENCE-FICTION SPECULATIVE-FICTION FICTION FANTASY"
"428","FICTION MYSTERY SUSPENSE CRIME-FICTION"
"429","FICTION MYSTERY SUSPENSE CRIME-FICTION"
"430","FICTION MYSTERY SUSPENSE CRIME-FICTION"
"431","FICTION NOVEL"
"432","SCIENCE-FICTION FICTION NOVEL NON-FICTION"
"433","FICTION NOVEL"
"434","SCIENCE-FICTION SPECULATIVE-FICTION FICTION"
"435","SCIENCE-FICTION SPECULATIVE-FICTION"
"436","SPECULATIVE-FICTION FICTION FANTASY CHILDREN'S-LITERATURE"
"437","FICTION CHILDREN'S-LITERATURE YOUNG-ADULT-LITERATURE"
"438","SCIENCE-FICTION SPECULATIVE-FICTION"
"439","FICTION NOVEL MYSTERY SUSPENSE DETECTIVE-FICTION CRIME-FICTION"
"440","FICTION MYSTERY SUSPENSE DETECTIVE-FICTION CRIME-FICTION"
"441","FICTION MYSTERY SUSPENSE DETECTIVE-FICTION CRIME-FICTION"
"442","FICTION MYSTERY SUSPENSE THRILLER CRIME-FICTION"
"443","SCIENCE-FICTION SPECULATIVE-FICTION"
"444","FICTION NOVEL ROMANCE-NOVEL"
"445","SCIENCE-FICTION SPECULATIVE-FICTION"
"446","SCIENCE-FICTION SPECULATIVE-FICTION FICTION"
"447","SCIENCE-FICTION SPECULATIVE-FICTION"
"448","FICTION NOVEL CHILDREN'S-LITERATURE"
"449","FICTION CHILDREN'S-LITERATURE"
"450","SCIENCE-FICTION SPECULATIVE-FICTION FICTION NOVEL"
"451","SCIENCE-FICTION SPECULATIVE-FICTION FICTION FANTASY"
"452","SPECULATIVE-FICTION FICTION FANTASY CHILDREN'S-LITERATURE"
"453","FICTION CHILDREN'S-LITERATURE YOUNG-ADULT-LITERATURE"
"454","FICTION CHILDREN'S-LITERATURE"
"455","SCIENCE-FICTION FICTION NOVEL NON-FICTION"
"456","FICTION MYSTERY SUSPENSE SPY-FICTION THRILLER"
"457","FICTION MYSTERY SUSPENSE SPY-FICTION THRILLER CRIME-FICTION"
"458","SCIENCE-FICTION SPECULATIVE-FICTION FICTION"
"459","SPECULATIVE-FICTION FICTION FANTASY CHILDREN'S-LITERATURE"
"460","SCIENCE-FICTION SPECULATIVE-FICTION FICTION FANTASY"
"461","FICTION HISTORICAL-FICTION MYSTERY SUSPENSE DETECTIVE-FICTION HISTORICAL-NOVEL CRIME-FICTION"
"462","SCIENCE-FICTION SPECULATIVE-FICTION"
"463","FICTION HISTORICAL-FICTION HISTORICAL-NOVEL"
"464","SCIENCE-FICTION SPECULATIVE-FICTION FICTION FANTASY"
"465","FICTION MYSTERY SUSPENSE CRIME-FICTION"
"466","SCIENCE-FICTION SPECULATIVE-FICTION FICTION FANTASY YOUNG-ADULT-LITERATURE"
"467","FICTION NOVEL FANTASY"
"468","SCIENCE-FICTION FICTION ALTERNATE-HISTORY"
"469","FICTION CHILDREN'S-LITERATURE YOUNG-ADULT-LITERATURE"
"470",""
"471","SCIENCE-FICTION SPECULATIVE-FICTION FICTION"
"472","FICTION MYSTERY SUSPENSE SPY-FICTION THRILLER CRIME-FICTION"
"473","FICTION NOVEL"
"474","FICTION MYSTERY SUSPENSE DETECTIVE-FICTION CRIME-FICTION"
"475","FICTION FANTASY CHILDREN'S-LITERATURE"
"476","FICTION NOVEL MYSTERY CRIME-FICTION"
"477","SCIENCE-FICTION SPECULATIVE-FICTION NOVEL"
"478","FICTION NOVEL"
"479","SPECULATIVE-FICTION FICTION FANTASY CHILDREN'S-LITERATURE"
"480","FICTION CHILDREN'S-LITERATURE YOUNG-ADULT-LITERATURE"
"481","SPECULATIVE-FICTION FICTION FANTASY CHILDREN'S-LITERATURE"
"482","FICTION MYSTERY SUSPENSE CRIME-FICTION"
"483","SPECULATIVE-FICTION FICTION FANTASY"
"484","SCIENCE-FICTION SPECULATIVE-FICTION FICTION"
"485","SCIENCE-FICTION SPECULATIVE-FICTION FICTION"
"486","SPECULATIVE-FICTION FICTION FANTASY CHILDREN'S-LITERATURE"
"487","SCIENCE-FICTION SPECULATIVE-FICTION FICTION FANTASY"
"488","FICTION CHILDREN'S-LITERATURE YOUNG-ADULT-LITERATURE"
"489","SCIENCE-FICTION SPECULATIVE-FICTION FICTION FANTASY"
"490","FICTION"
"491","FICTION NOVEL"
"492","SCIENCE-FICTION SPECULATIVE-FICTION FICTION CHILDREN'S-LITERATURE HISTORICAL-NOVEL ALTERNATE-HISTORY"
"493","FICTION NOVEL"
"494","SCIENCE-FICTION SPECULATIVE-FICTION FICTION FANTASY"
"495","FICTION MYSTERY SUSPENSE THRILLER CRIME-FICTION"
"496","FICTION NOVEL NON-FICTION"
"497","FICTION NOVEL"
"498","FICTION NOVEL HISTORICAL-NOVEL"
"499","SPECULATIVE-FICTION FICTION FANTASY HISTORICAL-NOVEL"
"500","SPECULATIVE-FICTION FICTION FANTASY"
"501","FICTION MYSTERY CRIME-FICTION"
"502","SCIENCE-FICTION SPECULATIVE-FICTION"
"503","FICTION MYSTERY DETECTIVE-FICTION CRIME-FICTION"
"504","FICTION NOVEL MYSTERY CRIME-FICTION"
"505","FICTION MYSTERY SUSPENSE SPY-FICTION THRILLER"
"506","FICTION NOVEL SPY-FICTION THRILLER"
"507","SCIENCE-FICTION SPECULATIVE-FICTION FICTION FANTASY"
"508","FICTION MYSTERY SUSPENSE DETECTIVE-FICTION HISTORICAL-NOVEL CRIME-FICTION"
"509","FICTION NOVEL"
"510","FICTION MYSTERY DETECTIVE-FICTION CRIME-FICTION"
"511","SCIENCE-FICTION SPECULATIVE-FICTION FICTION FANTASY"
"512","FICTION CHILDREN'S-LITERATURE"
"513","FICTION CHILDREN'S-LITERATURE MYSTERY DETECTIVE-FICTION"
"514","FICTION NOVEL HISTORICAL-FICTION HISTORICAL-NOVEL"
"515","FICTION"
"516","FICTION NOVEL"
"517","SPECULATIVE-FICTION FICTION FANTASY CHILDREN'S-LITERATURE YOUNG-ADULT-LITERATURE"
"518","SPECULATIVE-FICTION FICTION FANTASY SHORT-STORY"
"519","FICTION NOVEL FANTASY CHILDREN'S-LITERATURE"
"520","FICTION MYSTERY SUSPENSE CRIME-FICTION"
"521","FICTION NOVEL"
"522","SCIENCE-FICTION SPECULATIVE-FICTION FICTION"
"523","FICTION NOVEL"
"524","SPECULATIVE-FICTION FICTION FANTASY SHORT-STORY"
"525","SCIENCE-FICTION FICTION"
"526","SPECULATIVE-FICTION FICTION FANTASY SHORT-STORY"
"527","FICTION NOVEL"
"528","FICTION NOVEL"
"529","FICTION NOVEL"
"530","FICTION NOVEL SATIRE HISTORICAL-FICTION HISTORY MYSTERY SUSPENSE SPY-FICTION THRILLER DYSTOPIA DETECTIVE-FICTION HISTORICAL-NOVEL CRIME-FICTION ALTERNATE-HISTORY TECHNO-THRILLER"
"531","FICTION CHILDREN'S-LITERATURE MYSTERY DETECTIVE-FICTION"
"532","FICTION CHILDREN'S-LITERATURE MYSTERY DETECTIVE-FICTION"
"533","FICTION CHILDREN'S-LITERATURE MYSTERY DETECTIVE-FICTION YOUNG-ADULT-LITERATURE"
"534","FICTION CHILDREN'S-LITERATURE"
"535","SCIENCE-FICTION SPECULATIVE-FICTION FICTION FANTASY"
"536","SPECULATIVE-FICTION FICTION FANTASY"
"537","FICTION CHILDREN'S-LITERATURE"
"538","SPECULATIVE-FICTION FICTION NOVEL"
"539","FICTION CHILDREN'S-LITERATURE HISTORICAL-FICTION HISTORICAL-NOVEL"
"540","SPECULATIVE-FICTION FICTION FANTASY"
"541","FICTION NOVEL CHILDREN'S-LITERATURE"
"542","FICTION FANTASY CHILDREN'S-LITERATURE YOUNG-ADULT-LITERATURE"
"543","SCIENCE-FICTION SPECULATIVE-FICTION FICTION FANTASY ADVENTURE-NOVEL"
"544","FICTION CHILDREN'S-LITERATURE"
"545","FICTION NOVEL HISTORICAL-NOVEL"
"546","SCIENCE-FICTION SPECULATIVE-FICTION"
"547","FICTION NOVEL"
"548","FICTION NOVEL THRILLER"
"549","FICTION"
"550","SCIENCE-FICTION FICTION"
"551","FICTION CHILDREN'S-LITERATURE"
"552","SPECULATIVE-FICTION FICTION CHILDREN'S-LITERATURE"
"553","SCIENCE-FICTION SPECULATIVE-FICTION FICTION FANTASY"
"554","FICTION HISTORICAL-FICTION HISTORICAL-NOVEL ALTERNATE-HISTORY"
"555","FICTION NOVEL"
"556","FICTION NOVEL"
"557","FICTION NOVEL"
"558","FICTION NOVEL"
"559","FICTION NOVEL"
"560","SCIENCE-FICTION SPECULATIVE-FICTION FICTION FANTASY"
"561","FICTION NOVEL"
"562","FICTION MYSTERY SUSPENSE CRIME-FICTION"
"563","FICTION CHILDREN'S-LITERATURE"
"564","FICTION MYSTERY SUSPENSE THRILLER CRIME-FICTION"
"565","FICTION MYSTERY SUSPENSE THRILLER CRIME-FICTION"
"566","FICTION NOVEL HISTORICAL-FICTION HISTORICAL-NOVEL"
"567","FICTION THRILLER"
"568","FICTION CHILDREN'S-LITERATURE"
"569","SCIENCE-FICTION SPECULATIVE-FICTION FICTION FANTASY"
"570","FICTION NOVEL CHILDREN'S-LITERATURE"
"571","FICTION MYSTERY SUSPENSE THRILLER CRIME-FICTION"
"572","SPECULATIVE-FICTION FICTION FANTASY CHILDREN'S-LITERATURE"
"573","FICTION CHILDREN'S-LITERATURE YOUNG-ADULT-LITERATURE"
"574","HISTORICAL-NOVEL NON-FICTION AUTOBIOGRAPHICAL-NOVEL"
"575","SCIENCE-FICTION SPECULATIVE-FICTION FICTION NOVEL"
"576","FICTION NOVEL CHILDREN'S-LITERATURE YOUNG-ADULT-LITERATURE"
"577","FICTION CHILDREN'S-LITERATURE ROMANCE-NOVEL YOUNG-ADULT-LITERATURE"
"578","FICTION CHILDREN'S-LITERATURE YOUNG-ADULT-LITERATURE"
"579","FICTION CHILDREN'S-LITERATURE YOUNG-ADULT-LITERATURE"
"580","SPECULATIVE-FICTION FICTION FANTASY CHILDREN'S-LITERATURE"
"581","FICTION NOVEL"
"582","FICTION NOVEL"
"583","FICTION NOVEL"
"584","FICTION CHILDREN'S-LITERATURE YOUNG-ADULT-LITERATURE"
"585","FICTION MYSTERY"
"586","SPECULATIVE-FICTION FICTION FANTASY"
"587","FICTION NOVEL CHILDREN'S-LITERATURE YOUNG-ADULT-LITERATURE"
"588","FICTION MYSTERY SUSPENSE THRILLER CRIME-FICTION"
"589","FICTION CHILDREN'S-LITERATURE YOUNG-ADULT-LITERATURE"
"590","FICTION NOVEL"
"591","FICTION FANTASY CHILDREN'S-LITERATURE"
"592","FICTION NOVEL MYSTERY SUSPENSE THRILLER CRIME-FICTION"
"593","SCIENCE-FICTION SPECULATIVE-FICTION FICTION FANTASY"
"594","SCIENCE-FICTION FICTION NOVEL"
"595","SCIENCE-FICTION SPECULATIVE-FICTION FICTION FANTASY"
"596","SCIENCE-FICTION SPECULATIVE-FICTION FICTION FANTASY"
"597","FICTION NOVEL SATIRE ROMANCE-NOVEL"
"598","SPECULATIVE-FICTION FICTION FANTASY CHILDREN'S-LITERATURE"
"599","SPECULATIVE-FICTION FICTION FANTASY MYSTERY SUSPENSE HORROR"
"600","SPECULATIVE-FICTION FICTION FANTASY CHILDREN'S-LITERATURE"
"601","SPECULATIVE-FICTION FICTION CHILDREN'S-LITERATURE"
"602","SPECULATIVE-FICTION FICTION FANTASY CHILDREN'S-LITERATURE"
"603","SCIENCE-FICTION SPECULATIVE-FICTION"
"604","SCIENCE-FICTION SPECULATIVE-FICTION"
"605","SCIENCE-FICTION SPECULATIVE-FICTION"
"606","FICTION MYSTERY DETECTIVE-FICTION"
"607","FICTION MYSTERY SUSPENSE DETECTIVE-FICTION CRIME-FICTION"
"608","FICTION CHILDREN'S-LITERATURE MYSTERY DETECTIVE-FICTION"
"609","FICTION NOVEL"
"610","SPECULATIVE-FICTION FICTION FANTASY HISTORICAL-NOVEL"
"611","SCIENCE-FICTION SPECULATIVE-FICTION FICTION"
"612","SCIENCE-FICTION SPECULATIVE-FICTION"
"613","FICTION CHILDREN'S-LITERATURE YOUNG-ADULT-LITERATURE"
"614","FICTION CHILDREN'S-LITERATURE YOUNG-ADULT-LITERATURE"
"615","FICTION NOVEL"
"616","SCIENCE-FICTION SPECULATIVE-FICTION FICTION FANTASY ADVENTURE-NOVEL"
"617","SPECULATIVE-FICTION FICTION FANTASY CHILDREN'S-LITERATURE ADVENTURE-NOVEL YOUNG-ADULT-LITERATURE"
"618","SPECULATIVE-FICTION FICTION FANTASY"
"619","FICTION NOVEL"
"620","FICTION NOVEL AUTOBIOGRAPHY WAR-NOVEL HISTORICAL-NOVEL BIOGRAPHY MEMOIR NON-FICTION AUTOBIOGRAPHICAL-NOVEL"
"621","SCIENCE-FICTION SPECULATIVE-FICTION FICTION NOVEL THRILLER"
"622","FICTION NOVEL"
"623","FICTION NOVEL"
"624","SCIENCE-FICTION SPECULATIVE-FICTION"
"625","FICTION NOVEL"
"626","FICTION CHILDREN'S-LITERATURE YOUNG-ADULT-LITERATURE"
"627","FICTION NOVEL"
"628","SPECULATIVE-FICTION FICTION FANTASY CHILDREN'S-LITERATURE"
"629","SPECULATIVE-FICTION FICTION CHILDREN'S-LITERATURE HISTORICAL-NOVEL"
"630","FICTION FANTASY ADVENTURE-NOVEL"
"631","SPECULATIVE-FICTION FICTION FANTASY ADVENTURE-NOVEL"
"632","SCIENCE-FICTION SPECULATIVE-FICTION FICTION ADVENTURE-NOVEL"
"633","FICTION ADVENTURE-NOVEL HISTORICAL-NOVEL"
"634","FICTION NOVEL"
"635","FICTION NOVEL MYSTERY SUSPENSE DETECTIVE-FICTION CRIME-FICTION"
"636","SCIENCE-FICTION SPECULATIVE-FICTION FICTION FANTASY CHILDREN'S-LITERATURE"
"637","FICTION NOVEL"
"638","FICTION MYSTERY SUSPENSE CRIME-FICTION"
"639","FICTION MYSTERY CRIME-FICTION"
"640","FICTION NOVEL"
"641","SCIENCE-FICTION SPECULATIVE-FICTION FICTION THRILLER HORROR"
"642","FICTION NOVEL MYSTERY SUSPENSE CRIME-FICTION"
"643","FICTION CHILDREN'S-LITERATURE"
"644","FICTION NOVEL YOUNG-ADULT-LITERATURE"
"645","FICTION CHILDREN'S-LITERATURE YOUNG-ADULT-LITERATURE"
"646","FICTION CHILDREN'S-LITERATURE YOUNG-ADULT-LITERATURE"
"647","FICTION NOVEL"
"648","FICTION NOVEL"
"649","FICTION HISTORICAL-NOVEL"
"650","FICTION NOVEL THRILLER"
"651","FICTION NOVEL ROMANCE-NOVEL"
"652","FICTION MYSTERY SUSPENSE CRIME-FICTION"
"653","FICTION NOVEL"
"654","FICTION MYSTERY SUSPENSE HISTORICAL-NOVEL CRIME-FICTION"
"655","FICTION NOVEL HISTORICAL-FICTION HISTORICAL-NOVEL"
"656","SPECULATIVE-FICTION FICTION FANTASY"
"657","FICTION NOVEL MYSTERY SUSPENSE CRIME-FICTION"
"658","FICTION NOVEL"
"659","FICTION NOVEL"
"660","FICTION NOVEL"
"661","FICTION MYSTERY DETECTIVE-FICTION CRIME-FICTION"
"662","FICTION NOVEL MYSTERY SUSPENSE ROMANCE-NOVEL"
"663","FICTION CHILDREN'S-LITERATURE"
"664","FICTION NOVEL BIOGRAPHY MEMOIR NON-FICTION"
"665","FICTION NOVEL"
"666","SCIENCE-FICTION SPECULATIVE-FICTION FICTION"
"667","SCIENCE-FICTION SPECULATIVE-FICTION FICTION FANTASY CHILDREN'S-LITERATURE"
"668","SPECULATIVE-FICTION FICTION FANTASY CHILDREN'S-LITERATURE"
"669","FICTION MYSTERY SUSPENSE CRIME-FICTION"
"670","FICTION NOVEL"
"671","FICTION FANTASY CHILDREN'S-LITERATURE"
"672","SCIENCE-FICTION SPECULATIVE-FICTION FICTION"
"673","FICTION NOVEL CHILDREN'S-LITERATURE"
"674","SCIENCE-FICTION SPECULATIVE-FICTION FICTION FANTASY"
"675","FICTION CHILDREN'S-LITERATURE YOUNG-ADULT-LITERATURE"
"676","FICTION SPY-FICTION THRILLER NON-FICTION"
"677","FICTION CHILDREN'S-LITERATURE SPY-FICTION THRILLER"
"678","SCIENCE-FICTION SPECULATIVE-FICTION FICTION FANTASY"
"679","SCIENCE-FICTION SPECULATIVE-FICTION FICTION FANTASY HORROR"
"680","FICTION FANTASY CHILDREN'S-LITERATURE"
"681","FICTION NOVEL HISTORICAL-FICTION HISTORY HISTORICAL-NOVEL"
"682","FICTION MYSTERY SUSPENSE CRIME-FICTION"
"683","FICTION CHILDREN'S-LITERATURE MYSTERY ADVENTURE-NOVEL DETECTIVE-FICTION"
"684","FICTION MYSTERY SUSPENSE CRIME-FICTION"
"685","SCIENCE-FICTION SPECULATIVE-FICTION FICTION FANTASY"
"686","FICTION NOVEL"
"687","FICTION NOVEL NON-FICTION"
"688","SPECULATIVE-FICTION FICTION FANTASY CHILDREN'S-LITERATURE"
"689","SCIENCE-FICTION FICTION"
"690","SPECULATIVE-FICTION FICTION FANTASY CHILDREN'S-LITERATURE"
"691","FICTION CHILDREN'S-LITERATURE MYSTERY DETECTIVE-FICTION YOUNG-ADULT-LITERATURE"
"692","FICTION FANTASY CHILDREN'S-LITERATURE YOUNG-ADULT-LITERATURE"
"693","SPECULATIVE-FICTION FICTION FANTASY"
"694","FICTION NOVEL"
"695","FICTION NOVEL"
"696","SPECULATIVE-FICTION FICTION FANTASY CHILDREN'S-LITERATURE ROMANCE-NOVEL YOUNG-ADULT-LITERATURE"
"697","FICTION NOVEL"
"698","SPECULATIVE-FICTION FICTION FANTASY CHILDREN'S-LITERATURE ROMANCE-NOVEL YOUNG-ADULT-LITERATURE"
"699","SCIENCE-FICTION SPECULATIVE-FICTION FICTION"
"700","FICTION AUTOBIOGRAPHY BIOGRAPHY MEMOIR NON-FICTION AUTOBIOGRAPHICAL-NOVEL"
"701","FICTION HISTORICAL-NOVEL NON-FICTION"
"702","SPECULATIVE-FICTION FICTION FANTASY"
"703","FICTION MYSTERY SUSPENSE CRIME-FICTION"
"704","SPECULATIVE-FICTION FICTION FANTASY"
"705","SPECULATIVE-FICTION FICTION FANTASY CHILDREN'S-LITERATURE"
"706","FICTION"
"707","SCIENCE-FICTION SPECULATIVE-FICTION FICTION CHILDREN'S-LITERATURE"
"708","FICTION"
"709","FICTION NOVEL"
"710","FICTION NOVEL"
"711","SPECULATIVE-FICTION FICTION FANTASY"
"712","FICTION CHILDREN'S-LITERATURE"
"713","FICTION NOVEL HISTORICAL-FICTION HISTORICAL-NOVEL"
"714","FICTION FANTASY CHILDREN'S-LITERATURE"
"715","FICTION FANTASY ADVENTURE-NOVEL"
"716","SPECULATIVE-FICTION FICTION FANTASY ADVENTURE-NOVEL HISTORICAL-NOVEL"
"717","SCIENCE-FICTION SPECULATIVE-FICTION FICTION"
"718","FICTION NOVEL MYSTERY CRIME-FICTION"
"719","FICTION"
"720","SPECULATIVE-FICTION FICTION FANTASY CHILDREN'S-LITERATURE MYSTERY SUSPENSE CRIME-FICTION"
"721","SCIENCE-FICTION SPECULATIVE-FICTION FICTION"
"722","FICTION NOVEL YOUNG-ADULT-LITERATURE"
"723","FICTION MYSTERY SUSPENSE CRIME-FICTION"
"724","SCIENCE-FICTION SPECULATIVE-FICTION"
"725","SCIENCE-FICTION SPECULATIVE-FICTION NOVEL"
"726","SCIENCE-FICTION SPECULATIVE-FICTION"
"727","SPECULATIVE-FICTION FICTION FANTASY CHILDREN'S-LITERATURE"
"728","FICTION NOVEL"
"729","SCIENCE-FICTION SPECULATIVE-FICTION"
"730","SCIENCE-FICTION SPECULATIVE-FICTION FICTION FANTASY CHILDREN'S-LITERATURE"
"731","FICTION MYSTERY SUSPENSE CRIME-FICTION"
"732","SCIENCE-FICTION SPECULATIVE-FICTION"
"733","FICTION MYSTERY SUSPENSE DETECTIVE-FICTION CRIME-FICTION"
"734","SCIENCE-FICTION SPECULATIVE-FICTION FICTION FANTASY"
"735","FICTION MYSTERY SUSPENSE CRIME-FICTION"
"736","FICTION"
"737","FICTION MYSTERY SUSPENSE CRIME-FICTION"
"738","SPECULATIVE-FICTION FICTION FANTASY"
"739","FICTION MYSTERY SUSPENSE CRIME-FICTION"
"740","FICTION MYSTERY SUSPENSE CRIME-FICTION"
"741","FICTION HISTORICAL-FICTION HISTORICAL-NOVEL"
"742","FICTION MYSTERY SUSPENSE CRIME-FICTION"
"743","FICTION NOVEL"
"744","FICTION NOVEL"
"745","FICTION CHILDREN'S-LITERATURE YOUNG-ADULT-LITERATURE"
"746","SPECULATIVE-FICTION FICTION NOVEL"
"747","FICTION MYSTERY SUSPENSE CRIME-FICTION"
"748","SCIENCE-FICTION SPECULATIVE-FICTION FICTION CHILDREN'S-LITERATURE YOUNG-ADULT-LITERATURE"
"749","SCIENCE-FICTION SPECULATIVE-FICTION FICTION FANTASY"
"750","FICTION MYSTERY SUSPENSE CRIME-FICTION"
"751","FICTION MYSTERY SUSPENSE DETECTIVE-FICTION CRIME-FICTION"
"752","FICTION MYSTERY CRIME-FICTION"
"753","FICTION NOVEL HISTORICAL-NOVEL NON-FICTION AUTOBIOGRAPHICAL-NOVEL"
"754","SCIENCE-FICTION CHILDREN'S-LITERATURE ADVENTURE-NOVEL YOUNG-ADULT-LITERATURE"
"755","FICTION MYSTERY SUSPENSE CRIME-FICTION"
"756","FICTION CHILDREN'S-LITERATURE MYSTERY CRIME-FICTION"
"757","SCIENCE-FICTION SPECULATIVE-FICTION FICTION FANTASY HISTORICAL-NOVEL ALTERNATE-HISTORY"
"758","FICTION NOVEL MYSTERY SUSPENSE CRIME-FICTION"
"759","SPECULATIVE-FICTION FICTION FANTASY CHILDREN'S-LITERATURE"
"760","FICTION NOVEL CRIME-FICTION"
"761","SPECULATIVE-FICTION FICTION FANTASY"
"762","FICTION NOVEL"
"763","FICTION NOVEL"
"764","SCIENCE-FICTION SPECULATIVE-FICTION"
"765","FICTION"
"766","FICTION NOVEL"
"767","FICTION NOVEL"
"768","FICTION HISTORICAL-NOVEL"
"769","SCIENCE-FICTION SPECULATIVE-FICTION FICTION"
"770","FICTION NOVEL"
"771","FICTION NOVEL CHILDREN'S-LITERATURE"
"772","SPECULATIVE-FICTION FICTION FANTASY CHILDREN'S-LITERATURE MYSTERY ADVENTURE-NOVEL YOUNG-ADULT-LITERATURE"
"773","SCIENCE-FICTION SPECULATIVE-FICTION FICTION FANTASY"
"774","SPECULATIVE-FICTION FICTION FANTASY CHILDREN'S-LITERATURE"
"775","FICTION MYSTERY SUSPENSE CRIME-FICTION"
"776","SCIENCE-FICTION SPECULATIVE-FICTION FICTION FANTASY"
"777","SPECULATIVE-FICTION FICTION FANTASY CHILDREN'S-LITERATURE"
"778","SCIENCE-FICTION SPECULATIVE-FICTION FICTION"
"779","SPECULATIVE-FICTION FICTION CHILDREN'S-LITERATURE"
"780","SCIENCE-FICTION SPECULATIVE-FICTION FICTION MYSTERY"
"781","FICTION CHILDREN'S-LITERATURE YOUNG-ADULT-LITERATURE"
"782","FICTION NOVEL"
"783","SCIENCE-FICTION SPECULATIVE-FICTION FICTION NOVEL"
"784","FICTION NOVEL"
"785","FICTION MYSTERY SUSPENSE DETECTIVE-FICTION CRIME-FICTION"
"786","FICTION CHILDREN'S-LITERATURE YOUNG-ADULT-LITERATURE"
"787","FICTION CHILDREN'S-LITERATURE YOUNG-ADULT-LITERATURE"
"788","FICTION MYSTERY SUSPENSE CRIME-FICTION"
"789","FICTION NOVEL THRILLER"
"790","SCIENCE-FICTION SPECULATIVE-FICTION FICTION FANTASY CHILDREN'S-LITERATURE"
"791","SCIENCE-FICTION SPECULATIVE-FICTION FICTION FANTASY"
"792","SPECULATIVE-FICTION FICTION NOVEL"
"793","FICTION NOVEL SPY-FICTION THRILLER HISTORICAL-NOVEL"
"794","FICTION NOVEL MYSTERY SUSPENSE THRILLER CRIME-FICTION"
"795","FICTION MYSTERY SUSPENSE CRIME-FICTION"
"796","FICTION MYSTERY SUSPENSE CRIME-FICTION"
"797","FICTION FANTASY CHILDREN'S-LITERATURE HISTORICAL-NOVEL YOUNG-ADULT-LITERATURE"
"798","SCIENCE-FICTION SPECULATIVE-FICTION"
"799","FICTION MYSTERY SUSPENSE SPY-FICTION THRILLER"
"800","SPECULATIVE-FICTION FICTION FANTASY"
"801","FICTION MYSTERY SUSPENSE DETECTIVE-FICTION CRIME-FICTION"
"802","FICTION CHILDREN'S-LITERATURE YOUNG-ADULT-LITERATURE"
"803","FICTION MYSTERY SUSPENSE DETECTIVE-FICTION CRIME-FICTION"
"804","FICTION MYSTERY SUSPENSE DETECTIVE-FICTION CRIME-FICTION"
"805","FICTION MYSTERY SUSPENSE DETECTIVE-FICTION CRIME-FICTION"
"806","FICTION CHILDREN'S-LITERATURE MYSTERY DETECTIVE-FICTION"
"807","FICTION MYSTERY SUSPENSE CRIME-FICTION"
"808","FICTION MYSTERY SUSPENSE CRIME-FICTION"
"809","FICTION MYSTERY SUSPENSE CRIME-FICTION"
"810","FICTION MYSTERY SUSPENSE CRIME-FICTION"
"811","FICTION NOVEL HISTORICAL-NOVEL"
"812","SCIENCE-FICTION SPECULATIVE-FICTION FICTION NOVEL"
"813","FICTION NOVEL MYSTERY SUSPENSE CRIME-FICTION"
"814","SPECULATIVE-FICTION FICTION CHILDREN'S-LITERATURE HORROR"
"815","SPECULATIVE-FICTION FICTION FANTASY HORROR"
"816","SPECULATIVE-FICTION FICTION FANTASY"
"817","FICTION MYSTERY SUSPENSE DETECTIVE-FICTION HISTORICAL-NOVEL CRIME-FICTION"
"818","SCIENCE-FICTION SPECULATIVE-FICTION NOVEL"
"819","FICTION NOVEL"
"820","SCIENCE-FICTION SPECULATIVE-FICTION FICTION FANTASY"
"821","FICTION NOVEL HISTORICAL-FICTION HISTORY HISTORICAL-NOVEL"
"822","FICTION"
"823","FICTION NOVEL"
"824","FICTION NOVEL HISTORICAL-NOVEL"
"825","FICTION CHILDREN'S-LITERATURE YOUNG-ADULT-LITERATURE"
"826","SCIENCE-FICTION SPECULATIVE-FICTION FICTION"
"827","SPECULATIVE-FICTION FICTION NOVEL"
"828","SCIENCE-FICTION SPECULATIVE-FICTION FICTION"
"829","SCIENCE-FICTION SPECULATIVE-FICTION FICTION NOVEL"
"830","SCIENCE-FICTION SPECULATIVE-FICTION FICTION FANTASY CHILDREN'S-LITERATURE"
"831","SPECULATIVE-FICTION FICTION FANTASY"
"832","SCIENCE-FICTION SPECULATIVE-FICTION FICTION FANTASY CHILDREN'S-LITERATURE"
"833","SCIENCE-FICTION SPECULATIVE-FICTION FICTION CHILDREN'S-LITERATURE"
"834","SCIENCE-FICTION SPECULATIVE-FICTION"
"835","FICTION CHILDREN'S-LITERATURE YOUNG-ADULT-LITERATURE"
"836","FICTION MYSTERY SUSPENSE DETECTIVE-FICTION CRIME-FICTION"
"837","FICTION FANTASY AUTOBIOGRAPHY AUTOBIOGRAPHICAL-NOVEL"
"838","SPECULATIVE-FICTION FICTION FANTASY CHILDREN'S-LITERATURE HORROR SHORT-STORY HIGH-FANTASY"
"839","ADVENTURE-NOVEL HISTORICAL-NOVEL YOUNG-ADULT-LITERATURE"
"840","FICTION MYSTERY SUSPENSE CRIME-FICTION"
"841","FICTION MYSTERY SUSPENSE CRIME-FICTION"
"842","FICTION NOVEL"
"843","FICTION MYSTERY SUSPENSE CRIME-FICTION"
"844","FICTION NOVEL CRIME-FICTION"
"845","FICTION NOVEL"
"846","SPECULATIVE-FICTION FICTION FANTASY HISTORICAL-NOVEL"
"847","FICTION NOVEL CHILDREN'S-LITERATURE"
"848","FICTION FANTASY CHILDREN'S-LITERATURE HISTORICAL-NOVEL"
"849","FICTION NOVEL"
"850","SCIENCE-FICTION SPECULATIVE-FICTION FICTION FANTASY"
"851","SPECULATIVE-FICTION FICTION FANTASY"
"852","FICTION NOVEL FANTASY HISTORICAL-FICTION ROMANCE-NOVEL HISTORICAL-NOVEL"
"853","FICTION NOVEL THRILLER"
"854","FICTION NOVEL"
"855","SCIENCE-FICTION SPECULATIVE-FICTION"
"856","FICTION NOVEL"
"857","SCIENCE-FICTION SPECULATIVE-FICTION SPY-FICTION THRILLER DYSTOPIA ALTERNATE-HISTORY TECHNO-THRILLER"
"858","SPECULATIVE-FICTION FICTION FANTASY"
"859","FICTION HISTORICAL-NOVEL"
"860","SCIENCE-FICTION SPECULATIVE-FICTION FICTION FANTASY"
"861","FICTION MYSTERY SUSPENSE CRIME-FICTION"
"862","FICTION MYSTERY CRIME-FICTION"
"863","FICTION CHILDREN'S-LITERATURE HISTORICAL-NOVEL"
"864","FICTION HISTORICAL-NOVEL"
"865","FICTION NOVEL MYSTERY SUSPENSE CRIME-FICTION"
"866","SPECULATIVE-FICTION FICTION CHILDREN'S-LITERATURE MYSTERY SUSPENSE"
"867","FICTION CHILDREN'S-LITERATURE YOUNG-ADULT-LITERATURE"
"868","FICTION MYSTERY SUSPENSE DETECTIVE-FICTION CRIME-FICTION"
"869","FICTION MYSTERY DETECTIVE-FICTION"
"870","FICTION MYSTERY SUSPENSE DETECTIVE-FICTION CRIME-FICTION"
"871","FICTION HISTORICAL-FICTION HISTORY AUTOBIOGRAPHY WAR-NOVEL HISTORICAL-NOVEL BIOGRAPHY MEMOIR NON-FICTION AUTOBIOGRAPHICAL-NOVEL"
"872","FICTION MYSTERY SUSPENSE DETECTIVE-FICTION CRIME-FICTION"
"873","FICTION THRILLER"
"874","SPECULATIVE-FICTION FICTION FANTASY CHILDREN'S-LITERATURE"
"875","FICTION NOVEL THRILLER"
"876","FICTION FANTASY CHILDREN'S-LITERATURE HISTORICAL-FICTION HISTORICAL-NOVEL"
"877","SPECULATIVE-FICTION FICTION FANTASY CHILDREN'S-LITERATURE"
"878","SCIENCE-FICTION SPECULATIVE-FICTION FICTION"
"879","SCIENCE-FICTION SPECULATIVE-FICTION FICTION"
"880","FICTION MYSTERY SUSPENSE CRIME-FICTION"
"881","FICTION NOVEL"
"882","SPECULATIVE-FICTION FICTION FANTASY CHILDREN'S-LITERATURE"
"883","SPECULATIVE-FICTION FICTION HORROR"
"884","FICTION NOVEL"
"885","FICTION NOVEL NON-FICTION"
"886","FICTION NOVEL HISTORICAL-FICTION HISTORY ROMANCE-NOVEL HISTORICAL-NOVEL"
"887","FICTION CHILDREN'S-LITERATURE MYSTERY THRILLER YOUNG-ADULT-LITERATURE"
"888","FICTION MYSTERY SUSPENSE THRILLER CRIME-FICTION"
"889","FICTION NOVEL"
"890","FICTION NOVEL MYSTERY SUSPENSE CRIME-FICTION"
"891","FICTION MYSTERY SUSPENSE CRIME-FICTION"
"892","FICTION CHILDREN'S-LITERATURE YOUNG-ADULT-LITERATURE"
"893","FICTION"
"894","FICTION MYSTERY SUSPENSE THRILLER CRIME-FICTION"
"895","FICTION MYSTERY CRIME-FICTION"
"896","FICTION HISTORICAL-FICTION WAR-NOVEL HISTORICAL-NOVEL ALTERNATE-HISTORY"
"897","FICTION CHILDREN'S-LITERATURE"
"898","FICTION NOVEL NON-FICTION"
"899","FICTION NOVEL HISTORICAL-NOVEL"
"900","SPECULATIVE-FICTION FICTION FANTASY CHILDREN'S-LITERATURE"
"901","FICTION NOVEL AUTOBIOGRAPHY NON-FICTION"
"902","SCIENCE-FICTION SPECULATIVE-FICTION"
"903","FICTION NOVEL MYSTERY SUSPENSE THRILLER CRIME-FICTION"
"904","SCIENCE-FICTION SPECULATIVE-FICTION"
"905","SCIENCE-FICTION SPECULATIVE-FICTION FICTION FANTASY"
"906","SCIENCE-FICTION SPECULATIVE-FICTION FICTION FANTASY"
"907","FICTION NOVEL HISTORICAL-FICTION HISTORICAL-NOVEL"
"908","SCIENCE-FICTION SPECULATIVE-FICTION"
"909","FICTION FANTASY HISTORICAL-FICTION HISTORICAL-NOVEL"
"910","SCIENCE-FICTION SPECULATIVE-FICTION FICTION FANTASY"
"911","FICTION CHILDREN'S-LITERATURE YOUNG-ADULT-LITERATURE"
"912","SPECULATIVE-FICTION FICTION FANTASY CHILDREN'S-LITERATURE"
"913","SCIENCE-FICTION SPECULATIVE-FICTION FICTION FANTASY"
"914","SPECULATIVE-FICTION FICTION"
"915","FICTION NOVEL"
"916","FICTION FANTASY CHILDREN'S-LITERATURE ADVENTURE-NOVEL YOUNG-ADULT-LITERATURE"
"917","FICTION NOVEL ROMANCE-NOVEL"
"918","FICTION NOVEL"
"919","FICTION CRIME-FICTION"
"920","FICTION CHILDREN'S-LITERATURE ADVENTURE-NOVEL YOUNG-ADULT-LITERATURE"
"921","FICTION MYSTERY CRIME-FICTION"
"922","FICTION NOVEL MYSTERY SUSPENSE THRILLER HORROR ROMANCE-NOVEL CRIME-FICTION YOUNG-ADULT-LITERATURE"
"923","FICTION NOVEL"
"924","FICTION CHILDREN'S-LITERATURE"
"925","FICTION NOVEL"
"926","FICTION FANTASY ADVENTURE-NOVEL HISTORICAL-NOVEL"
"927","FICTION NOVEL"
"928","FICTION MYSTERY CRIME-FICTION"
"929","SPECULATIVE-FICTION FICTION MYSTERY SUSPENSE HORROR CRIME-FICTION"
"930","SCIENCE-FICTION SPECULATIVE-FICTION FICTION FANTASY"
"931","SCIENCE-FICTION SPECULATIVE-FICTION FANTASY YOUNG-ADULT-LITERATURE"
"932","SCIENCE-FICTION SPECULATIVE-FICTION FICTION NOVEL THRILLER"
"933","FICTION MYSTERY SUSPENSE DETECTIVE-FICTION CRIME-FICTION"
"934","SCIENCE-FICTION SPECULATIVE-FICTION FICTION FANTASY CHILDREN'S-LITERATURE"
"935","SPECULATIVE-FICTION FICTION FANTASY CHILDREN'S-LITERATURE"
"936","FICTION FANTASY"
"937","FICTION NOVEL"
"938","FICTION FANTASY"
"939","FICTION"
"940","SPECULATIVE-FICTION FICTION FANTASY CHILDREN'S-LITERATURE"
"941","FICTION FANTASY CHILDREN'S-LITERATURE"
"942","SCIENCE-FICTION SPECULATIVE-FICTION FICTION"
"943","SPECULATIVE-FICTION FICTION FANTASY CHILDREN'S-LITERATURE"
"944","FICTION HISTORICAL-FICTION HISTORICAL-NOVEL"
"945","FICTION NOVEL"
"946","FICTION NOVEL"
"947","FICTION CHILDREN'S-LITERATURE YOUNG-ADULT-LITERATURE"
"948","SCIENCE-FICTION SPECULATIVE-FICTION FICTION FANTASY CHILDREN'S-LITERATURE"
"949","SCIENCE-FICTION SPECULATIVE-FICTION FICTION FANTASY"
"950","SCIENCE-FICTION SPECULATIVE-FICTION FICTION MYSTERY SPY-FICTION THRILLER"
"951","FICTION NOVEL HISTORICAL-FICTION HISTORICAL-NOVEL"
"952","SPECULATIVE-FICTION FICTION NOVEL FANTASY"
"953","FICTION CHILDREN'S-LITERATURE ADVENTURE-NOVEL YOUNG-ADULT-LITERATURE"
"954","FICTION MYSTERY SUSPENSE CRIME-FICTION"
"955","FICTION CHILDREN'S-LITERATURE HORROR"
"956","FICTION"
"957","SPECULATIVE-FICTION FICTION MYSTERY SUSPENSE DETECTIVE-FICTION CRIME-FICTION"
"958","FICTION MYSTERY THRILLER"
"959","SCIENCE-FICTION SPECULATIVE-FICTION"
"960","FICTION"
"961","FICTION"
"962","FICTION CHILDREN'S-LITERATURE"
"963","SPECULATIVE-FICTION FICTION FANTASY"
"964","FICTION CHILDREN'S-LITERATURE YOUNG-ADULT-LITERATURE"
"965","SCIENCE-FICTION SPECULATIVE-FICTION FICTION FANTASY CHILDREN'S-LITERATURE ADVENTURE-NOVEL"
"966","FICTION NOVEL"
"967","FICTION NOVEL THRILLER"
"968","FICTION"
"969","SCIENCE-FICTION SPECULATIVE-FICTION"
"970","FICTION NOVEL CHILDREN'S-LITERATURE YOUNG-ADULT-LITERATURE"
"971","SPECULATIVE-FICTION FICTION FANTASY ADVENTURE-NOVEL"
"972","SCIENCE-FICTION SPECULATIVE-FICTION FANTASY"
"973","SCIENCE-FICTION"
"974","SCIENCE-FICTION SPECULATIVE-FICTION"
"975","SCIENCE-FICTION SPECULATIVE-FICTION"
"976","SCIENCE-FICTION SPECULATIVE-FICTION FICTION"
"977","SCIENCE-FICTION SPECULATIVE-FICTION FICTION"
"978","SCIENCE-FICTION SPECULATIVE-FICTION FICTION"
"979","SCIENCE-FICTION SPECULATIVE-FICTION FICTION FANTASY"
"980","SCIENCE-FICTION SPECULATIVE-FICTION FICTION"
"981","FICTION FANTASY"
"982","FICTION CHILDREN'S-LITERATURE HISTORICAL-NOVEL"
"983","SCIENCE-FICTION FICTION MYSTERY CRIME-FICTION"
"984","FICTION MYSTERY SUSPENSE THRILLER CRIME-FICTION"
"985","SCIENCE-FICTION SPECULATIVE-FICTION"
"986","FICTION MYSTERY SUSPENSE CRIME-FICTION"
"987","FICTION MYSTERY SUSPENSE DETECTIVE-FICTION CRIME-FICTION"
"988","FICTION CHILDREN'S-LITERATURE"
"989","FICTION NOVEL HISTORICAL-NOVEL"
"990","FICTION MYSTERY SUSPENSE DETECTIVE-FICTION CRIME-FICTION"
"991","FICTION NOVEL CHILDREN'S-LITERATURE HISTORICAL-NOVEL"
"992","SCIENCE-FICTION SPECULATIVE-FICTION FICTION FANTASY"
"993","FICTION NOVEL"
"994","FICTION NOVEL MYSTERY SUSPENSE CRIME-FICTION"
"995","FICTION MYSTERY SUSPENSE CRIME-FICTION"
"996","FICTION CHILDREN'S-LITERATURE YOUNG-ADULT-LITERATURE"
"997","FICTION MYSTERY CRIME-FICTION"
"998","FICTION CHILDREN'S-LITERATURE YOUNG-ADULT-LITERATURE"
"999","SPECULATIVE-FICTION FICTION FANTASY CHILDREN'S-LITERATURE"
"1000","FICTION MYSTERY SUSPENSE SPY-FICTION THRILLER CRIME-FICTION"
"1001","FICTION NOVEL"
"1002","FICTION CHILDREN'S-LITERATURE HISTORICAL-FICTION ADVENTURE-NOVEL HISTORICAL-NOVEL YOUNG-ADULT-LITERATURE"
"1003","FICTION"
"1004","FICTION AUTOBIOGRAPHY AUTOBIOGRAPHICAL-NOVEL"
"1005","SCIENCE-FICTION SPECULATIVE-FICTION FICTION"
"1006","FICTION CHILDREN'S-LITERATURE"
"1007","FICTION CHILDREN'S-LITERATURE"
"1008","FICTION CHILDREN'S-LITERATURE YOUNG-ADULT-LITERATURE"
"1009","FICTION NOVEL AUTOBIOGRAPHY BIOGRAPHY MEMOIR NON-FICTION AUTOBIOGRAPHICAL-NOVEL"
"1010","FICTION NOVEL"
"1011","FICTION NOVEL"
"1012","FICTION CHILDREN'S-LITERATURE"
"1013","SCIENCE-FICTION SPECULATIVE-FICTION FICTION NOVEL"
"1014","SCIENCE-FICTION SPECULATIVE-FICTION FICTION FANTASY CHILDREN'S-LITERATURE HORROR"
"1015","FICTION MYSTERY SUSPENSE CRIME-FICTION"
"1016","SPECULATIVE-FICTION FICTION MYSTERY SUSPENSE HORROR CRIME-FICTION"
"1017","FICTION NOVEL THRILLER"
"1018","SCIENCE-FICTION SPECULATIVE-FICTION FICTION FANTASY CHILDREN'S-LITERATURE HORROR"
"1019","SCIENCE-FICTION SATIRE THRILLER NON-FICTION CRIME-FICTION AUTOBIOGRAPHICAL-NOVEL TECHNO-THRILLER YOUNG-ADULT-LITERATURE"
"1020","FICTION CHILDREN'S-LITERATURE YOUNG-ADULT-LITERATURE"
"1021","FICTION CHILDREN'S-LITERATURE YOUNG-ADULT-LITERATURE"
"1022","FICTION NOVEL CHILDREN'S-LITERATURE YOUNG-ADULT-LITERATURE"
"1023","SCIENCE-FICTION SPECULATIVE-FICTION FICTION FANTASY CHILDREN'S-LITERATURE YOUNG-ADULT-LITERATURE"
"1024","SCIENCE-FICTION SPECULATIVE-FICTION FICTION"
"1025","FICTION HISTORICAL-FICTION HISTORICAL-NOVEL"
"1026","FICTION MYSTERY SUSPENSE CRIME-FICTION"
"1027","SPECULATIVE-FICTION FICTION FANTASY CHILDREN'S-LITERATURE"
"1028","FICTION NOVEL HISTORICAL-FICTION HISTORICAL-NOVEL"
"1029","SPECULATIVE-FICTION FICTION FANTASY"
"1030","FICTION CHILDREN'S-LITERATURE"
"1031","FICTION NOVEL MYSTERY CRIME-FICTION"
"1032","FICTION CHILDREN'S-LITERATURE YOUNG-ADULT-LITERATURE"
"1033","SCIENCE-FICTION SPECULATIVE-FICTION FICTION NOVEL"
"1034","SCIENCE-FICTION SPECULATIVE-FICTION FICTION"
"1035","SCIENCE-FICTION SPECULATIVE-FICTION FICTION NOVEL"
"1036","SCIENCE-FICTION SPECULATIVE-FICTION FICTION"
"1037","FICTION NOVEL"
"1038","SCIENCE-FICTION SPECULATIVE-FICTION"
"1039","FICTION CRIME-FICTION"
"1040","FICTION"
"1041","FICTION FANTASY CHILDREN'S-LITERATURE"
"1042","SPECULATIVE-FICTION FICTION MYSTERY SUSPENSE HORROR DETECTIVE-FICTION CRIME-FICTION"
"1043","SCIENCE-FICTION YOUNG-ADULT-LITERATURE"
"1044","FICTION HISTORICAL-NOVEL"
"1045","FICTION MYSTERY THRILLER CRIME-FICTION"
"1046","FICTION FANTASY CHILDREN'S-LITERATURE"
"1047","SCIENCE-FICTION FICTION NOVEL"
"1048","SPECULATIVE-FICTION FICTION FANTASY HISTORICAL-NOVEL"
"1049","SCIENCE-FICTION SPECULATIVE-FICTION FICTION FANTASY"
"1050","SCIENCE-FICTION SPECULATIVE-FICTION"
"1051","FICTION NOVEL"
"1052","FICTION NOVEL"
"1053","FICTION CHILDREN'S-LITERATURE"
"1054","FICTION NOVEL MYSTERY SUSPENSE CRIME-FICTION"
"1055","FICTION NOVEL"
"1056","FICTION NOVEL"
"1057","FICTION NOVEL"
"1058","SCIENCE-FICTION SPECULATIVE-FICTION"
"1059","FICTION NOVEL CHILDREN'S-LITERATURE"
"1060","SCIENCE-FICTION SPECULATIVE-FICTION FICTION FANTASY CHILDREN'S-LITERATURE"
"1061","FICTION NOVEL FANTASY CHILDREN'S-LITERATURE MYSTERY SUSPENSE ROMANCE-NOVEL CRIME-FICTION"
"1062","FICTION MYSTERY SUSPENSE CRIME-FICTION"
"1063","FICTION NOVEL"
"1064","SCIENCE-FICTION SPECULATIVE-FICTION FICTION NOVEL"
"1065","FICTION NOVEL HISTORICAL-FICTION MYSTERY SUSPENSE HISTORICAL-NOVEL CRIME-FICTION"
"1066","SCIENCE-FICTION SPECULATIVE-FICTION FICTION FANTASY CHILDREN'S-LITERATURE"
"1067","SCIENCE-FICTION SPECULATIVE-FICTION"
"1068","SCIENCE-FICTION SPECULATIVE-FICTION"
"1069","SCIENCE-FICTION SPECULATIVE-FICTION FICTION FANTASY CHILDREN'S-LITERATURE"
"1070","SCIENCE-FICTION SPECULATIVE-FICTION FICTION"
"1071","FICTION NOVEL CHILDREN'S-LITERATURE"
"1072","SCIENCE-FICTION SPECULATIVE-FICTION FICTION"
"1073","FICTION NOVEL HISTORICAL-FICTION HISTORICAL-NOVEL"
"1074","FICTION CHILDREN'S-LITERATURE YOUNG-ADULT-LITERATURE"
"1075","FICTION CHILDREN'S-LITERATURE"
"1076","FICTION NOVEL"
"1077","FICTION NOVEL"
"1078","SCIENCE-FICTION SPECULATIVE-FICTION YOUNG-ADULT-LITERATURE"
"1079","FICTION CHILDREN'S-LITERATURE"
"1080","SPECULATIVE-FICTION FICTION FANTASY CHILDREN'S-LITERATURE"
"1081","FICTION NOVEL"
"1082","SCIENCE-FICTION FICTION NOVEL"
"1083","FICTION NOVEL HISTORICAL-NOVEL"
"1084","SCIENCE-FICTION SPECULATIVE-FICTION FICTION"
"1085","FICTION"
"1086","FICTION"
"1087","SCIENCE-FICTION SPECULATIVE-FICTION FICTION FANTASY"
"1088","FICTION NOVEL"
"1089","FICTION NOVEL ROMANCE-NOVEL"
"1090","FICTION NOVEL MYSTERY SUSPENSE THRILLER CRIME-FICTION"
"1091","SCIENCE-FICTION SPECULATIVE-FICTION FICTION"
"1092","FICTION CHILDREN'S-LITERATURE HISTORICAL-FICTION WAR-NOVEL HISTORICAL-NOVEL AUTOBIOGRAPHICAL-NOVEL YOUNG-ADULT-LITERATURE"
"1093","FICTION NOVEL"
"1094","FICTION HISTORICAL-FICTION ROMANCE-NOVEL HISTORICAL-NOVEL"
"1095","FICTION NOVEL"
"1096","FICTION FANTASY CHILDREN'S-LITERATURE"
"1097","FICTION CHILDREN'S-LITERATURE"
"1098","FICTION FANTASY CHILDREN'S-LITERATURE MYSTERY ADVENTURE-NOVEL YOUNG-ADULT-LITERATURE"
"1099","SPECULATIVE-FICTION FICTION FANTASY"
"1100","SPECULATIVE-FICTION FICTION FANTASY CHILDREN'S-LITERATURE"
"1101","SCIENCE-FICTION SPECULATIVE-FICTION FICTION"
"1102","FICTION MYSTERY SUSPENSE THRILLER CRIME-FICTION"
"1103","FICTION CHILDREN'S-LITERATURE"
"1104","FICTION NOVEL MYSTERY SUSPENSE THRILLER CRIME-FICTION"
"1105","FICTION CHILDREN'S-LITERATURE"
"1106","FICTION MYSTERY SUSPENSE CRIME-FICTION"
"1107","SCIENCE-FICTION SPECULATIVE-FICTION FICTION"
"1108","FICTION NOVEL"
"1109","FICTION HISTORICAL-NOVEL"
"1110","FICTION CHILDREN'S-LITERATURE ROMANCE-NOVEL HISTORICAL-NOVEL YOUNG-ADULT-LITERATURE"
"1111","SPECULATIVE-FICTION FICTION FANTASY CHILDREN'S-LITERATURE YOUNG-ADULT-LITERATURE"
"1112","SCIENCE-FICTION SPECULATIVE-FICTION FICTION FANTASY CHILDREN'S-LITERATURE YOUNG-ADULT-LITERATURE"
"1113","SPECULATIVE-FICTION FICTION"
"1114","SCIENCE-FICTION SPECULATIVE-FICTION FICTION NOVEL"
"1115","FICTION NOVEL"
"1116","FICTION"
"1117","FICTION"
"1118","FICTION CHILDREN'S-LITERATURE ROMANCE-NOVEL YOUNG-ADULT-LITERATURE"
"1119","FICTION HISTORICAL-FICTION HISTORICAL-NOVEL"
"1120","FICTION MYSTERY SUSPENSE DETECTIVE-FICTION CRIME-FICTION"
"1121","SPECULATIVE-FICTION FICTION FANTASY"
"1122","FICTION NOVEL ROMANCE-NOVEL"
"1123","SCIENCE-FICTION SPECULATIVE-FICTION"
"1124","SCIENCE-FICTION SPECULATIVE-FICTION FICTION FANTASY"
"1125","SPECULATIVE-FICTION FICTION FANTASY"
"1126","SPECULATIVE-FICTION FICTION FANTASY"
"1127","SCIENCE-FICTION SPECULATIVE-FICTION FICTION"
"1128","SPECULATIVE-FICTION FICTION FANTASY CHILDREN'S-LITERATURE"
"1129","FICTION NOVEL MYSTERY DETECTIVE-FICTION"
"1130","FICTION MYSTERY SUSPENSE DETECTIVE-FICTION CRIME-FICTION"
"1131","SPECULATIVE-FICTION FICTION FANTASY MYSTERY SUSPENSE THRILLER HORROR CRIME-FICTION"
"1132","SCIENCE-FICTION SPECULATIVE-FICTION FICTION CHILDREN'S-LITERATURE"
"1133","SCIENCE-FICTION SPECULATIVE-FICTION FICTION FANTASY CHILDREN'S-LITERATURE YOUNG-ADULT-LITERATURE"
"1134","FICTION NOVEL CHILDREN'S-LITERATURE YOUNG-ADULT-LITERATURE"
"1135","FICTION NOVEL AUTOBIOGRAPHY BIOGRAPHY MEMOIR NON-FICTION"
"1136","FICTION MYSTERY SUSPENSE CRIME-FICTION"
"1137","SCIENCE-FICTION SPECULATIVE-FICTION"
"1138","FICTION CHILDREN'S-LITERATURE YOUNG-ADULT-LITERATURE"
"1139","FICTION"
"1140","FICTION NOVEL"
"1141","SCIENCE-FICTION SPECULATIVE-FICTION"
"1142","SCIENCE-FICTION SPECULATIVE-FICTION FICTION NOVEL FANTASY"
"1143","SCIENCE-FICTION FICTION THRILLER NON-FICTION"
"1144","SPECULATIVE-FICTION FICTION FANTASY"
"1145","FICTION NOVEL"
"1146","FICTION NOVEL"
"1147","FICTION FANTASY CHILDREN'S-LITERATURE"
"1148","SCIENCE-FICTION SPECULATIVE-FICTION FICTION FANTASY"
"1149","FICTION NOVEL"
"1150","SCIENCE-FICTION SPECULATIVE-FICTION FICTION FANTASY"
"1151","FICTION CHILDREN'S-LITERATURE HISTORICAL-NOVEL"
"1152","SPECULATIVE-FICTION FICTION FANTASY"
"1153","SCIENCE-FICTION FICTION NOVEL"
"1154","FICTION CHILDREN'S-LITERATURE ADVENTURE-NOVEL SPY-FICTION THRILLER HISTORICAL-NOVEL NON-FICTION"
"1155","FICTION NOVEL"
"1156","FICTION CHILDREN'S-LITERATURE HISTORICAL-FICTION WAR-NOVEL HISTORICAL-NOVEL AUTOBIOGRAPHICAL-NOVEL"
"1157","FICTION NOVEL MYSTERY SUSPENSE THRILLER CRIME-FICTION"
"1158","SPECULATIVE-FICTION FICTION FANTASY CHILDREN'S-LITERATURE"
"1159","SPECULATIVE-FICTION FICTION FANTASY"
"1160","SPECULATIVE-FICTION FICTION FANTASY CHILDREN'S-LITERATURE"
"1161","SCIENCE-FICTION SPECULATIVE-FICTION FICTION FANTASY"
"1162","FICTION NOVEL ROMANCE-NOVEL"
"1163","FICTION CHILDREN'S-LITERATURE"
"1164","FICTION"
"1165","SPECULATIVE-FICTION FICTION FANTASY CHILDREN'S-LITERATURE YOUNG-ADULT-LITERATURE"
"1166","FICTION NOVEL"
"1167","FICTION HISTORICAL-NOVEL"
"1168","SPECULATIVE-FICTION FICTION"
"1169","SCIENCE-FICTION SPECULATIVE-FICTION FICTION FANTASY"
"1170","SPECULATIVE-FICTION FICTION FANTASY CHILDREN'S-LITERATURE"
"1171","FICTION NOVEL HISTORICAL-FICTION HISTORICAL-NOVEL"
"1172","SCIENCE-FICTION SPECULATIVE-FICTION"
"1173","FICTION SPY-FICTION THRILLER MEMOIR NON-FICTION AUTOBIOGRAPHICAL-NOVEL"
"1174","FICTION MYSTERY SUSPENSE CRIME-FICTION"
"1175","SCIENCE-FICTION SPECULATIVE-FICTION FICTION FANTASY"
"1176","FICTION NOVEL"
"1177","SCIENCE-FICTION SPECULATIVE-FICTION"
"1178","FICTION NOVEL"
"1179","FICTION MYSTERY SUSPENSE CRIME-FICTION"
"1180","FICTION MYSTERY SUSPENSE CRIME-FICTION"
"1181","SCIENCE-FICTION FICTION"
"1182","FICTION"
"1183","SCIENCE-FICTION SPECULATIVE-FICTION FICTION"
"1184","SCIENCE-FICTION SPECULATIVE-FICTION FICTION"
"1185","SCIENCE-FICTION SPECULATIVE-FICTION"
"1186","FICTION CHILDREN'S-LITERATURE AUTOBIOGRAPHICAL-NOVEL YOUNG-ADULT-LITERATURE"
"1187","SCIENCE-FICTION SPECULATIVE-FICTION FICTION FANTASY CHILDREN'S-LITERATURE"
"1188","FICTION MYSTERY THRILLER HISTORICAL-NOVEL"
"1189","SCIENCE-FICTION SPECULATIVE-FICTION FICTION NOVEL"
"1190","SCIENCE-FICTION SPECULATIVE-FICTION"
"1191","FICTION MYSTERY SUSPENSE CRIME-FICTION"
"1192","SPECULATIVE-FICTION FICTION FANTASY CHILDREN'S-LITERATURE"
"1193","FICTION NOVEL"
"1194","SCIENCE-FICTION FICTION NOVEL NON-FICTION"
"1195","FICTION NOVEL"
"1196","SPECULATIVE-FICTION FICTION FANTASY"
"1197","SCIENCE-FICTION SPECULATIVE-FICTION FICTION"
"1198","SPECULATIVE-FICTION FICTION CHILDREN'S-LITERATURE HORROR YOUNG-ADULT-LITERATURE"
"1199","FICTION NOVEL"
"1200","SPECULATIVE-FICTION FICTION FANTASY"
"1201","SPECULATIVE-FICTION FICTION FANTASY HISTORICAL-NOVEL"
"1202","FICTION NOVEL NON-FICTION"
"1203","SPECULATIVE-FICTION FICTION FANTASY HISTORICAL-NOVEL"
"1204","FICTION CHILDREN'S-LITERATURE"
"1205","FICTION NOVEL HISTORICAL-FICTION HISTORY WAR-NOVEL HISTORICAL-NOVEL AUTOBIOGRAPHICAL-NOVEL"
"1206","SCIENCE-FICTION SPECULATIVE-FICTION FICTION"
"1207","FICTION MYSTERY SUSPENSE THRILLER CRIME-FICTION"
"1208","FICTION NOVEL"
"1209","SCIENCE-FICTION SPECULATIVE-FICTION FICTION FANTASY NON-FICTION"
"1210","FICTION NOVEL"
"1211","FICTION NOVEL"
"1212","FICTION NOVEL"
"1213","FICTION NOVEL"
"1214","SPECULATIVE-FICTION FICTION CHILDREN'S-LITERATURE"
"1215","FICTION CHILDREN'S-LITERATURE YOUNG-ADULT-LITERATURE"
"1216","FICTION HISTORICAL-NOVEL NON-FICTION AUTOBIOGRAPHICAL-NOVEL"
"1217","FICTION THRILLER NON-FICTION"
"1218","SPECULATIVE-FICTION FICTION FANTASY"
"1219","FICTION NOVEL"
"1220","FICTION NOVEL"
"1221","SCIENCE-FICTION SPECULATIVE-FICTION FICTION"
"1222","FICTION CHILDREN'S-LITERATURE HISTORICAL-FICTION HISTORICAL-NOVEL"
"1223","SPECULATIVE-FICTION FICTION FANTASY HISTORICAL-NOVEL"
"1224","SPECULATIVE-FICTION FICTION NOVEL FANTASY ROMANCE-NOVEL"
"1225","FICTION MYSTERY THRILLER"
"1226","FICTION NOVEL THRILLER"
"1227","SPECULATIVE-FICTION FICTION FANTASY"
"1228","FICTION MYSTERY SUSPENSE CRIME-FICTION"
"1229","FICTION NOVEL MYSTERY CRIME-FICTION"
"1230","FICTION NOVEL AUTOBIOGRAPHY BIOGRAPHY MEMOIR NON-FICTION"
"1231","SPECULATIVE-FICTION FICTION FANTASY CHILDREN'S-LITERATURE ROMANCE-NOVEL YOUNG-ADULT-LITERATURE"
"1232","FICTION CHILDREN'S-LITERATURE"
"1233","FICTION NOVEL MYSTERY SUSPENSE THRILLER"
